No,store,address,phone,address2,�浵,����,����
1,�е��� DT��,����� ������ �е��� 211 1��  ,02-3444-9973,����Ư���� ������ �е��� 211 1��,127.0320525,37.51467837,����ǥ
2,������,����� ������ ����� 280 ������ 724ȣ  ,02-3412-2326,����Ư���� ������ ����� 280 ������ 724ȣ,127.1031081,37.48731864,����ǥ
3,��������,����� ������ ������ 566 ����������1��  ,02-538-7615,����Ư���� ������ ������ 566 ����������1��,127.0348243,37.50643973,����ǥ
4,���������,����� ���ʱ� ������� 369 1��  ,02-588-5778,����Ư���� ���ʱ� ������� 369 1��,127.0282167,37.4956614,����ǥ
5,�ް��ڽ���,���� ������ �Ｚ�� 159 �ڿ����� ����2��  ,02-6002-3320,����Ư���� ������ �Ｚ�� 159 �ڿ����� ����2��,127.058795,37.51251183,����ǥ
6,�б���������,����� ������ �б����� 46�� 3  ,02-541-5832,����Ư���� ������ �б����� 46�� 3,127.0369049,37.52827876,����ǥ
7,����������,����� ���ʱ� ���� 1306-3ȣ  ,02-593-5095,����Ư���� ���ʱ� ���� 1306-3ȣ,127.025949,37.500449,
8,û�㿡����,"����� ������ �б����� 461 ����ó��������B108,109ȣ  ",02-548-6052,"����Ư���� ������ �б����� 461 ����ó��������B108,109ȣ",127.0472328,37.52525528,����ǥ
9,�Ż���,����� ������ ������ 126  ,02-548-2741,����Ư���� ������ ������ 126,127.0224111,37.5169687,����ǥ
10,�б�������,����� ������ ������ 842 �б�������1��  ,02-544-6823,����Ư���� ������ ������ 842 �б�������1��,127.0287312,37.52403926,����ǥ
11,������,"����� ������ ������ 512  ����1,2��  ",02-569-8051,"����Ư���� ������ ������ 512 ����1,2��",127.0365213,37.50234973,����ǥ
12,���罺��Ÿ����,����� ���ʱ� ������� 213 24ȣ ����1��  ,02-578-6833,����Ư���� ���ʱ� ������� 213 24ȣ ����1��,127.0356121,37.48234264,����ǥ
13,û�㼺����,����� ������ �Ｚ�� 716 LEE76����2��  ,02-542-2053,����Ư���� ������ �Ｚ�� 716 LEE76����2��,127.0500321,37.5198984,����ǥ
14,������,���� ���ʱ� ������ 736-17 P���� 2��  ,02-3443-2096,����Ư���� ���ʱ� ������ 736-17 P���� 2��,127.0227993,37.50684224,����ǥ
15,������,"����� ������ ���ַ� 30�� 10,112 �������21 112ȣ  ",02-572-2781,"����Ư���� ������ ���ַ� 30�� 10,112 �������21 112ȣ",127.0515544,37.48733918,����ǥ
16,���������,"����� ������ ������ 749 1,2��  ",02-544-3794,"����Ư���� ������ ������ 749 1,2��",127.0394756,37.52145762,����ǥ
17,�����͹̳ξ���,����� ������ ������� 87�� 17 1��  ,02-539-5174,����Ư���� ������ ������� 87�� 17 1��,127.0583425,37.50874284,����ǥ
18,������,����� ���ʱ� �����߾ӷ� 118  1��  ,02-585-3981,����Ư���� ���ʱ� �����߾ӷ� 118 1��,127.0142299,37.49239137,����ǥ
19,��ġ��Ƽ��,����� ������ ������ 64�� 23 1��  ,02-557-0510,����Ư���� ������ ������ 64�� 23 1��,127.0541715,37.49829611,����ǥ
20,�б�����Ƽ��,"����� ������ ������49�� 13 1�� 17,18ȣ  ",02-543-5922,"����Ư���� ������ ������49�� 13 1�� 17,18ȣ",127.0369605,37.52374174,����ǥ
21,�б����ε�����,����� ������ ������ 157�� 12 �������� 1~4��  ,02-3445-5093,����Ư���� ������ ������ 157�� 12 �������� 1~4��,127.0390127,37.52611474,����ǥ
22,���ʿ켺��,����� ���ʱ� ������� 51�� 1 511 TOWER  1��  ,02-582-0158,����Ư���� ���ʱ� ������� 51�� 1 511 TOWER 1��,127.0302627,37.49128787,����ǥ
23,�����Ž�Ÿ����,����� ������ ���� 231-13ȣ �Ž�Ÿ������1��  ,02-513-3870,����Ư���� ������ ���� 231-13ȣ �Ž�Ÿ������1��,127.036572,37.510182,
24,�Ｚ��ũ�����,���� ������ ������� 513 �����Ǻ���A�� ���� 2��  ,02-3466-8507,����Ư���� ������ ������� 513 �����Ǻ���A�� ���� 2��,127.0591588,37.51182403,����ǥ
25,Ʈ���̵�Ÿ����,����� ������ ������� 511 Ʈ���̵�Ÿ�� ����1��  ,02-6002-6470,����Ư���� ������ ������� 511 Ʈ���̵�Ÿ�� ����1��,127.0610231,37.51035608,����ǥ
26,�Ｚ������Ÿ���,"����� ������ ������� 607 12���� 1,2��  ",02-3443-5618,"����Ư���� ������ ������� 607 12���� 1,2��",127.0594893,37.51455187,����ǥ
27,��ġ�����ڵ���,����� ������ �Ｚ�� 85�� 11 �Ե�ĳ������Ʈ��Ȱ���ͽü���  ,02-3453-8077,����Ư���� ������ �Ｚ�� 85�� 11 �Ե�ĳ������Ʈ��Ȱ���ͽü���,127.0563006,37.50497869,����ǥ
28,��������ü��,����� ���ʱ� �Ź����� 23 1141ȣ ����ü��ȭ����1��1013~1015ȣ  ,02-3477-5571,����Ư���� ���ʱ� �Ź����� 23 1141ȣ ����ü��ȭ����1��1013~1015ȣ,126.9872322,37.50174829,����ǥ
29,��ǽ�õ��,����� ���ı� ����ȣ���� 118 1��  ,02-416-9520,����Ư���� ���ı� ����ȣ���� 118 1��,127.0900217,37.5074374,����ǥ
30,���������̺���,"����� ���ʱ� ���ʵ� 1685-8ȣ 101~2ȣ,113~4ȣ,121ȣ  ",02-3477-5580,"����Ư���� ���ʱ� ���ʵ� 1685-8ȣ 101~2ȣ,113~4ȣ,121ȣ",127.0164416,37.49539619,����ǥ
31,���������鼾����,����� ������ ������ 717 1��  ,02-3443-5575,����Ư���� ������ ������ 717 1��,127.0295373,37.51596182,����ǥ
32,�Ｚ���ڰ��������,����� ���ʱ� ���ʴ��74�� 11 ����2��  ,02-2055-1142,����Ư���� ���ʱ� ���ʴ��74�� 11 ����2��,127.0269145,37.49663309,����ǥ
33,�Ｚ�����������,����� ���ʱ� ���ʴ��74�� 4 �Ｚ�����輭��Ÿ��������1��  ,02-581-5562,����Ư���� ���ʱ� ���ʴ��74�� 4 �Ｚ�����輭��Ÿ��������1��,127.0257033,37.49674424,����ǥ
34,���ī������,����Ư���� ���ʱ� ����߾ӷ� 187  ,02-592-7794,����Ư���� ���ʱ� ����߾ӷ� 187,126.9855313,37.49570856,����ǥ
35,��������ƿŸ������,����� ������ ������� 20�� 10 ������Ÿ��1��  ,02-554-9962,����Ư���� ������ ������� 20�� 10 ������Ÿ��1��,127.0341416,37.49908647,����ǥ
36,����������̴н�����,����� ������ ������� 70�� 12 1��  ,02-538-9927,����Ư���� ������ ������� 70�� 12 1��,127.0531595,37.50474268,����ǥ
37,��迪��,"����� ���ʱ� ȿ�ɷ� 117  3,4��  ",02-521-4562,"����Ư���� ���ʱ� ȿ�ɷ� 117 3,4��",126.9969396,37.48146213,����ǥ
38,�Ｚ���������,����� ������ ������� 628 ��������1��  ,02-538-4523,����Ư���� ������ ������� 628 ��������1��,127.0641669,37.51467288,����ǥ
39,������,����� ���ı� ���ݷ� 11�� 7  ,02-415-5561,����Ư���� ���ı� ���ݷ� 11�� 7,127.1079675,37.51455597,����ǥ
40,�ź�����,����� ������ ������ 38�� 42 418ȣ  ,02-529-9947,����Ư���� ������ ������ 38�� 42 418ȣ,127.0450532,37.48557469,����ǥ
41,�����͹̳ο���,����� ���ʱ� �����߾ӷ� 43 �ξ�Ÿ��1��  ,02-523-3671,����Ư���� ���ʱ� �����߾ӷ� 43 �ξ�Ÿ��1��,127.0155771,37.48553864,����ǥ
42,������������Ÿ����,����� ������ �������4�� 28 826-28ȣ 1��  ,02-563-3655,����Ư���� ������ �������4�� 28 826-28ȣ 1��,127.0300941,37.49652292,����ǥ
43,���ɰ���Ÿ����,����� ������ �������87�� 36 ����Ÿ�� 1��  ,02-2016-5330,����Ư���� ������ �������87�� 36 ����Ÿ�� 1��,127.0585975,37.51023437,����ǥ
44,û��ī����,"����� ������ ������ 67�� 7,��ũ���� 1��  ",02-514-5622,"����Ư���� ������ ������ 67�� 7,��ũ���� 1��",127.044387,37.52448828,����ǥ
45,�������̵���,����� ��걸 ���̷� 303 �������Ʈ��11��102ȣ  ,02-792-3677,����Ư���� ��걸 ���̷� 303 �������Ʈ��11��102ȣ,126.9795134,37.51835238,����ǥ
46,��ȭ����,���� ���α� ������ 136 ��Ʈ������� 1��  ,02-3210-2326,����Ư���� ���α� ������ 136 ��Ʈ������� 1��,126.9788357,37.56977562,����ǥ
47,���з���,����� ���α� ���з� 10�� 5 1-60ȣ  ,02-762-3146,����Ư���� ���α� ���з� 10�� 5 1-60ȣ,127.0025803,37.58186177,����ǥ
48,������Ǿ�ħ��,����� ���α� �����ȷ�3�� 23 ����þ�ħ��4����105��  ,02-730-8896,����Ư���� ���α� �����ȷ�3�� 23 ����þ�ħ��4����105��,126.9722442,37.57254767,����ǥ
49,ȫ�뿪��,����� ������ ȫ�ͷ� 6�� 26  ,02-333-4278,����Ư���� ������ ȫ�ͷ� 6�� 26,126.9232644,37.55546898,����ǥ
50,��ȭ��,����� �߱� ��ȭ202  1-94 ���������÷��̽���������1��  ,02-2220-8198,����Ư���� �߱� ��ȭ202 1-94 ���������÷��̽���������1��,126.969775,37.562742,
51,���ΰ�ö����,"����� ���α� û��õ�� 83 11-4ȣ ����1,����1~3��  ",02-738-5333,"����Ư���� ���α� û��õ�� 83 11-4ȣ ����1,����1~3��",126.9867326,37.56848339,����ǥ
52,�Ұ�����ȭ������,���� �߱� ���빮��7�� 16 ���ĺ��� 1��  ,02-753-8004,����Ư���� �߱� ���빮��7�� 16 ���ĺ��� 1��,126.9811629,37.5641652,����ǥ
53,������ũ�븶Ʈ��,����� ������ �������56�� 85 ��ũ�븶Ʈ9��35ȣ  ,02-3424-5480,����Ư���� ������ �������56�� 85 ��ũ�븶Ʈ9��35ȣ,127.0956918,37.5357246,����ǥ
54,�ܴ����,����� ���빮�� �̹��� 106 1~3��  ,02-959-7750,����Ư���� ���빮�� �̹��� 106 1~3��,127.0602171,37.59606712,����ǥ
55,���ȾϿ���,����� ���ϱ� ������8 101-3 1��  ,02-953-6652,����Ư���� ���ϱ� ������8 101-3 1��,127.0295734,37.58698734,����ǥ
56,��ȭ���󸶴�ȣ����,����� �߱� ĥ�з� 27 151ȣ  ,02-3789-3347,����Ư���� �߱� ĥ�з� 27 151ȣ,126.9720357,37.56026697,����ǥ
57,�սʸ����ڿ�����,����� ������ �սʸ� ����� 17 �սʸ����ڿ���ENTER6��1��  ,02-2200-6120,����Ư���� ������ �սʸ� ����� 17 �սʸ����ڿ���ENTER6��1��,127.0383945,37.56144191,����ǥ
58,���̿�����,"����� ���빮�� ���̿��� 20  27-27,16,65,61ȣ  ",02-312-5568,"����Ư���� ���빮�� ���̿��� 20 27-27,16,65,61ȣ",126.94314,37.55838002,����ǥ
59,������ȭȸ������,���� ���α� �����ȷ� 9�� 25 1��  ,02-720-5561,����Ư���� ���α� �����ȷ� 9�� 25 1��,126.9754815,37.57135087,����ǥ
60,������,����� ���빮�� âõ 18-26ȣ B1  ,02-363-5572,����Ư���� ���빮�� âõ 18-26ȣ B1,126.937324,37.556437,
61,�Ǵ뽺Ÿ��Ƽ��,����� ������ �ھ絿 227-342ȣ �Ե���ȭ�� �� ��Ŭ����500�ǹ� 1��  ,02-444-9861,����Ư���� ������ �ھ絿 227-342ȣ �Ե���ȭ�� �� ��Ŭ����500�ǹ� 1��,127.0711119,37.53877944,����ǥ
62,�ϳ�����溹�ÿ���,"����� ���α� ������ 130,1 ������������1��  ",02-733-5108,"����Ư���� ���α� ������ 130,1 ������������1��",126.9730631,37.57586143,����ǥ
63,�߰赿�����Ÿ���,����� ����� �ѱۺ񼮷� 263 1��  ,02-931-3055,����Ư���� ����� �ѱۺ񼮷� 263 1��,127.0764707,37.65120979,����ǥ
64,���ｺ������,����� �߱� �Ѱ���� 416 ����1��  ,02-6456-8907,����Ư���� �߱� �Ѱ���� 416 ����1��,126.9737513,37.55550425,����ǥ
65,����,����� ��õ�� �񵿵��� 293 ����41Ÿ��1��  ,02-2654-5981,����Ư���� ��õ�� �񵿵��� 293 ����41Ÿ��1��,126.8674302,37.53979897,�α���ǥ
66,���ǵ�34������,���� �������� ���������� 52 ���Ѻ��� 1��  ,02-783-2043,����Ư���� �������� ���������� 52 ���Ѻ��� 1��,126.929506,37.5227285,����ǥ
67,���ǵ�����������,����� �������� �ǻ���� 97 26-4 �������Ǻ���1��  ,02-783-6058,����Ư���� �������� �ǻ���� 97 26-4 �������Ǻ���1��,126.9245862,37.52251652,����ǥ
68,����Ȩ�÷�����,����� ��õ�� ������ 201 1��  ,02-803-9994,����Ư���� ��õ�� ������ 201 1��,126.9007948,37.45190426,����ǥ
69,���ǵ���������ȸ����,����� �������� ���Ǽ��� 43 �Ѽ�������ũ2��  ,02-780-7758,����Ư���� �������� ���Ǽ��� 43 �Ѽ�������ũ2��,126.9248429,37.53072908,����ǥ
70,�λ걤������,�λ걤���� �߱� â���� 2�� 8-2  ,051-243-9105,�λ걤���� �߱� â���� 2�� 8-2,129.0290109,35.09947288,����ǥ
71,��õ��������,"��õ������ ������ ������ 138 ����1,2��  ",032-421-3418,"��õ������ ������ ������ 138 ����1,2��",126.7010063,37.44624161,����ǥ
72,����ź�浿��,������ ���� ������76 1��  ,042-471-9805,���������� ���� ������76 1��,127.3876959,36.34641827,����ǥ
73,�ϻ���佺Ÿ��,��⵵ ���� �ϻ굿�� ���׵� 764 ���佺ŸC��  ,031-907-2326,��⵵ ���� �ϻ굿�� ���׵� 764 ���佺ŸC��,126.7685587,37.66155467,����ǥ
74,�ϻ�����ϵ�1ȣ��,��⵵ ���� �ϻ굿�� ���߻�� 24 I��103~203ȣ  ,031-931-5573,��⵵ ���� �ϻ굿�� ���߻�� 24 I��103~203ȣ,126.7726562,37.65482478,����ǥ
75,�д缭����,"��⵵ ������ �д籸 �д��53���� 11 1��2,3ȣ  ",031-705-8926,"��⵵ ������ �д籸 �д��53���� 11 1��2,3ȣ",127.1215528,37.38406732,����ǥ
76,�д��ö�����,��⵵ ������ �д籸 Ȳ����� 326 ���������󰡳�2��  ,031-705-3188,��⵵ ������ �д籸 Ȳ����� 326 ���������󰡳�2��,127.1218659,37.38513078,����ǥ
77,�д���������,��⵵ ������ �д籸 ��ž��354 �д��������Ű�1���д���1ȣ  ,031-781-0471,��⵵ ������ �д籸 ��ž��354 �д��������Ű�1���д���1ȣ,127.1263281,37.41116553,�α���ǥ
78,�д������,��⵵ ������ �д籸 Ȳ����� 214����8 MSPlaza��1��  ,031-713-9937,��⵵ ������ �д籸 Ȳ����� 214����8 MSPlaza��1��,127.1123122,37.37813218,����ǥ
79,��ź�󸶴�ȣ����,��⵵ ȭ���� ���۷� 199 ��ź�󸶴�ȣ��107ȣ~111ȣ  ,031-8003-8374,��⵵ ȭ���� ���۷� 199 ��ź�󸶴�ȣ��107ȣ~111ȣ,127.0746794,37.2058415,����ǥ
80,�ϻ�Ų�ؽ������ȭ����,��⵵ ���� �ϻ꼭�� ��ȭ�� 2602 �����ȭ��Ų�ؽ��� 5F  ,031-822-3575,��⵵ ���� �ϻ꼭�� ��ȭ�� 2602 �����ȭ��Ų�ؽ��� 5F,126.7514741,37.66790863,����ǥ
81,â���󳲵���,�泲 â���� ���걸 �߾Ӵ�� 104 ���̿콺���ǽ��� 123ȣ 207ȣ  ,055-211-0737,��󳲵� â���� ���걸 �߾Ӵ�� 104 ���̿콺���ǽ��� 123ȣ 207ȣ,128.6808112,35.22349186,����ǥ
82,û����,��� û�ֽ� ��籸 ����69����20 2~4��  ,043-221-2373,��û�ϵ� û�ֽ� ��籸 ����69����20 2~4��,127.4893009,36.63453669,����ǥ
83,��뼼��ķ�۽���,����Ư����ġ�� ������ 2511 ��뼼��ķ�۽�ȣ���л�4��1��  ,044-862-5144,����Ư����ġ�� ������ 2511 ��뼼��ķ�۽�ȣ���л�4��1��,127.2882121,36.61152416,����ǥ
84,û��������Ƽ��,"��� û�ֽ� ����� ���� 17 ������Ƽ�� 1�� 124-1,125,126ȣ  ",043-238-3151,"��û�ϵ� û�ֽ� ����� ���� 17 ������Ƽ�� 1�� 124-1,125,126ȣ",127.4242017,36.64450057,����ǥ
85,����CBTL��,���� �߱� ������� 136 ���̳�������  ,070-4140-7003,����Ư���� �߱� ������� 136 ���̳�������,126.9782565,37.5684237,����ǥ
86,�������Ÿ���,����� ������ ������� 8�� 42 1��  ,02-552-7106 ,����Ư���� ������ ������� 8�� 42 1��,127.0321751,37.49615829,����ǥ
87,������,"����� �߱� �����1 84ȣ SFC����B1,1-4  ",02-753-2374,"����Ư���� �߱� �����1 84ȣ SFC����B1,1-4",126.977854,37.568565,
88,���빮��,����� �߱� �ľϷ�110 581ȣ �����ƼŸ��1��  ,02-777-4217,����Ư���� �߱� �ľϷ�110 581ȣ �����ƼŸ��1��,126.9740485,37.55430344,����ǥ
89,�ø����ö���,����� ���ı� ������ 1222 �ø��ȼ���A 1��212~3ȣ  ,02-402-3571,����Ư���� ���ı� ������ 1222 �ø��ȼ���A 1��212~3ȣ,127.132263,37.51568077,����ǥ
90,���зθ��δϿ���,"����� ���α� ���з� 12�� 62 ����1��,����1,2��  ",02-742-3318,"����Ư���� ���α� ���з� 12�� 62 ����1��,����1,2��",127.0037046,37.58139897,����ǥ
91,���ǵ�����,����� �������� �ǻ���� 108 ���Ϸ����� 1�� 101ȣ  ,02-784-5531,����Ư���� �������� �ǻ���� 108 ���Ϸ����� 1�� 101ȣ,126.9239923,37.52101504,����ǥ
92,�λ���,����� ���α� ������ 272 ����ī�̽����� 1��  ,02-6262-8100,����Ư���� ���α� ������ 272 ����ī�̽����� 1��,126.9873089,37.57299741,����ǥ
93,������κ���Ÿ����,����� ������ ������� 312 707-2����1��  ,02-558-7101,����Ư���� ������ ������� 312 707-2����1��,127.0450434,37.50293377,����ǥ
94,������Ա�����,"����� ���Ǳ� ���Ƿ� 161 ���Ϻ� 2,3��  ",02-882-3101,"����Ư���� ���Ǳ� ���Ƿ� 161 ���Ϻ� 2,3��",126.9521845,37.47960802,����ǥ
95,�ڿ���������,����� ������ ������� 524 �ڿ��� ������Ƽ��Ż�����̵�  ,02-569-3103,����Ư���� ������ ������� 524 �ڿ��� ������Ƽ��Ż�����̵�,127.0571141,37.51294416,����ǥ
96,��������,����� ���ϱ� ������ 352 ȿ���׿����ڸ��� 101ȣ  ,02-906-5571,����Ư���� ���ϱ� ������ 352 ȿ���׿����ڸ��� 101ȣ,127.0270333,37.63867588,����ǥ
97,���б�����,����� ������ ������ 167�� 9 ���������� 1��  ,02-545-3181,����Ư���� ������ ������ 167�� 9 ���������� 1��,127.0274266,37.52442055,����ǥ
98,��ť���Ƽ��,����� ���α� ���η� 662 ��ť���Ƽ 4��  ,02-2210-9484,����Ư���� ���α� ���η� 662 ��ť���Ƽ 4��,126.8882137,37.50812391,����ǥ
99,��û����,����� ���α� ��û�� 109  ,02-730-5177,����Ư���� ���α� ��û�� 109,126.9817749,37.58513427,����ǥ
100,�湫�αص�������,����� �߱� ���� 173 ���꽺���� 1��  ,02-2273-3181,����Ư���� �߱� ���� 173 ���꽺���� 1��,126.9910589,37.56182647,����ǥ
101,�����ڵ������ǵ���,����� �������� ���������� 20 1��  ,02-783-3391,����Ư���� �������� ���������� 20 1��,126.9272969,37.52488673,����ǥ
102,�����ڻ�Ÿ���,����� ������ ������� 439  ,02-508-7522 ,����Ư���� ������ ������� 439,127.0551872,37.50682914,����ǥ
103,������93����,����� ������ ������93�� 6(���ﵿ) 1��  ,02-552-3177,����Ư���� ������ ������93�� 6(���ﵿ) 1��,127.0478998,37.50568595,����ǥ
104,���������ڰ����,����� ������ �������1�� 29 1���Ϻ� �� 2.3��  ,02-552-6311,����Ư���� ������ �������1�� 29 1���Ϻ� �� 2.3��,127.0272879,37.50010698,����ǥ
105,�Ｚ����,"����� ������ �Ｚ�� 551 1��,2��  ",02-552-9311 ,"����Ư���� ������ �Ｚ�� 551 1��,2��",127.05415,37.51071008,����ǥ
106,���ʿ켺����Ʈ����,����� ���ʱ� ���Ӵ�� 171(���ʵ�) EWR���� 2��  ,02-522-7158 ,����Ư���� ���ʱ� ���Ӵ�� 171(���ʵ�) EWR���� 2��,127.0283489,37.49272801,����ǥ
107,������86����,����� ������ ������86�� 11  ,02-2051-8875,����Ư���� ������ ������86�� 11,127.0505871,37.50340459,����ǥ
108,�ȱ�����,"����� ���α� ����� 47 1,2��  ",02-722-3356 ,"����Ư���� ���α� ����� 47 1,2��",126.9845864,37.57633594,����ǥ
109,������Ÿ������,"����� ���ʱ� ������� 449-3 �˰��ڸ��ƺ��� 1,2��  ",02-591-5177,"����Ư���� ���ʱ� ������� 449-3 �˰��ڸ��ƺ��� 1,2��",127.0248829,37.50236091,����ǥ
110,IFC MALL2ȣ��,����� �������� ����������10 IFC B2��  ,02-6137-5054  ,����Ư���� �������� ����������10 IFC B2��,126.9248763,37.52517692,����ǥ
111,���SBS�̵�����,����� ������ ��ϻ�� 82 SBS������Ÿ�� 1��  ,02-2039-9027 ,����Ư���� ������ ��ϻ�� 82 SBS������Ÿ�� 1��,126.8927736,37.57971546,����ǥ
112,�������ƿ﷿��,����� ��õ�� �����з�9�� 23 ������-2�� �м�Ÿ��3��  ,02-857-5501  ,����Ư���� ��õ�� �����з�9�� 23 ������-2�� �м�Ÿ��3��,126.886477,37.47872058,����ǥ
113,�Ｚ�����ö�����,���� ������ ������� 419 �Ｚ�����ö���1��  ,02-554-7591,����Ư���� ������ ������� 419 �Ｚ�����ö���1��,127.0521804,37.50587018,����ǥ
114,������Ʈ��ȣ����,����� �߱� ��10�� 51 ����Ʈ��ȣ�� ����2��  ,02-771-9935 ,����Ư���� �߱� ��10�� 51 ����Ʈ��ȣ�� ����2��,126.9852027,37.56463398,�α���ǥ
115,���¿���,����� ��걸 ���¿��� 189   ,02-794-3361,����Ư���� ��걸 ���¿��� 189,126.9949229,37.53487016,����ǥ
116,�����μ�����,����� ������ �б�����12�� 6  ,02-544-7105,����Ư���� ������ �б�����12�� 6,127.0223191,37.52353245,����ǥ
117,���ʹ���Ÿ���,"����� ���ʱ� ������� 267 2,3��  ",02-523-8841 ,"����Ư���� ���ʱ� ������� 267 2,3��",127.0323372,37.48717003,����ǥ
118,�����ڵ���������,"����� ������ õȣ��� 1096 1,2F  ",02-485-3361 ,"����Ư���� ������ õȣ��� 1096 1,2F",127.133229,37.53519709,����ǥ
119,�Ÿ���,����� ���Ǳ� �Ÿ��� 318 û�ϵλ����꼾Ƽ��1��  ,02-877-1194  ,����Ư���� ���Ǳ� �Ÿ��� 318 û�ϵλ����꼾Ƽ��1��,126.9302525,37.4825745,����ǥ
120,�����ΰ���,��⵵ ������ �ȴޱ� �Ǳ��� 195 �л����1��   ,031-233-5631,��⵵ ������ �ȴޱ� �Ǳ��� 195 �л����1��,127.0326851,37.26494693,����ǥ
121,�Ǳ��ƺ괺������,��⵵ ������ �д籸 ���Ǳ���177���� 25  ,031-8016-8131,��⵵ ������ �д籸 ���Ǳ���177���� 25,127.1135621,37.39732103,����ǥ
122,�ϻ������Ʈ��,��⵵ ���� �ϻ꼭�� �ѷ������ 300 ������Ʈ�������� 1��  ,031-961-6520,��⵵ ���� �ϻ꼭�� �ѷ������ 300 ������Ʈ�������� 1��,126.7545265,37.66455404,����ǥ
123,���������,"����� �߱� ���� 73 1,2��  ",02-777-3363,"����Ư���� �߱� ���� 73 1,2��",126.9861628,37.56426143,����ǥ
124,��������ȭ����,��걤���� ���� ���� 261 �����ȭ��5��  ,052-228-0560,��걤���� ���� ���� 261 �����ȭ��5��,129.3358122,35.5395696,����ǥ
125,�뱸�߾ӷ���,�뱸������ �߱� �߾Ӵ�� 412-18  ,053-428-3370,�뱸������ �߱� �߾Ӵ�� 412-18,128.5948654,35.86976825,����ǥ
126,���ǵ���������ī����,����� �������� �ǻ���� 97 �������Ǻ��� 2��  ,02-785-8845,����Ư���� �������� �ǻ���� 97 �������Ǻ��� 2��,126.9245862,37.52251652,����ǥ
127,������ͽĽ���,����� �߶��� ����� 353 �����̾���� ���ͽĽ� B�� 2��  ,02-437-8891,����Ư���� �߶��� ����� 353 �����̾���� ���ͽĽ� B�� 2��,127.0916242,37.59833301,����ǥ
128,���ǵ�������ȣ�ڿ���,����� �������� ��ȸ���74��19 ���챹������1��  ,02-782-3358,����Ư���� �������� ��ȸ���74��19 ���챹������1��,126.9219695,37.52982154,����ǥ
129,��Ʈ���Ӹ�����,����� ��õ�� ����� 299 Ʈ���Ӹ��� �̽��Ͽ��� 1��  ,02-2643-7725,����Ư���� ��õ�� ����� 299 Ʈ���Ӹ��� �̽��Ͽ��� 1��,126.8711567,37.52542922,����ǥ
130,�б����������Ʈ��,����� ������ �б�����29��65 ����1��  ,02-518-3350,����Ư���� ������ �б�����29��65 ����1��,127.027003,37.53181104,����ǥ
131,���￪4���ⱸ��,����� ������ �������143 ������1��  ,02-508-1137,����Ư���� ������ �������143 ������1��,127.0348986,37.50062059,����ǥ
132,��û��7���ⱸ��,����� �߱� �������84 2��  ,02-754-8852,����Ư���� �߱� �������84 2��,126.9771793,37.56366316,����ǥ
133,����ȭ�ǰŸ���,"��õ������ ���� �����29 1,2��  ",032-507-9901,"��õ������ ���� �����29 1,2��",126.7256152,37.49367327,����ǥ
134,������μ�����,����� ������ �������442 �ﱹȭ����� 2��   ,02-565-3345,����Ư���� ������ �������442 �ﱹȭ����� 2��,127.0260565,37.50206484,����ǥ
135,����G-ValleyMall,����� ���α� �����з�300 ���븮�����ö��� 2��  ,02-6344-3966,����Ư���� ���α� �����з�300 ���븮�����ö��� 2��,126.8965383,37.4849264,����ǥ
136,���濪7���ⱸ���߾�Ʈ��,����� ���ʱ� ����178 ���߾�Ʈ����1��  ,02-592-8861,����Ư���� ���ʱ� ����178 ���߾�Ʈ����1��,126.9928428,37.48954334,����ǥ
137,�����������ö�����,��⵵ ������ �д籸 źõ���151����20 ������� B�� 1��  ,031-715-5638,��⵵ ������ �д籸 źõ���151����20 ������� B�� 1��,127.1066859,37.34161104,����ǥ
138,���ɰ�����,����� ������ �������87��22 ���ɰ����͹̳� ����1��  ,02-551-6456 ,����Ư���� ������ �������87��22 ���ɰ����͹̳� ����1��,127.0594433,37.50963245,����ǥ
139,Ÿ�ӽ�������,����� �������� ���߷�15 Ÿ�ӽ����� 1��  ,02-2635-8830,����Ư���� �������� ���߷�15 Ÿ�ӽ����� 1��,126.9043784,37.51687186,����ǥ
140,��������Ÿ���,����� ������ �������207 KJŸ��1��  ,02-542-8813,����Ư���� ������ �������207 KJŸ��1��,127.0346629,37.50784071,����ǥ
141,���ͽĽ��Ѿ����,����� ������ �սʸ���241 ���｣���� �ǸŽü�201�� ����2��  ,02-6454-6216,����Ư���� ������ �սʸ���241 ���｣���� �ǸŽü�201�� ����2��,127.0402881,37.55583047,����ǥ
142,CBTL(Ŀ�Ǻ�)�ĸ���������,����� ������ �������521 �ĸ������� ����1��  ,02-538-2008 ,����Ư���� ������ �������521 �ĸ������� ����1��,127.0608072,37.50919136,����ǥ
143,��ȭ����1���ⱸ��,����� ���α� �����ȷ�5���� 7 1�� �Ϻ�  ,02-723-3360,����Ư���� ���α� �����ȷ�5���� 7 1�� �Ϻ�,126.9740383,37.57277083,����ǥ
144,���������̾��ƿ﷿������,��� ������ ������ ��ȣ�� 654���� ���������̾��ƿ﷿����3�� 618ȣ  ,031-8048-2618,��⵵ ������ ������ ��ȣ�� 654���� ���������̾��ƿ﷿����3�� 618ȣ,126.7856016,37.59939684,����ǥ
145,���ǵ��ſ����Ǻ�����,����� �������� ����������8��6 �ſ����Ǻ�������2��  ,02-782-1125,����Ư���� �������� ����������8��6 �ſ����Ǻ�������2��,126.9296976,37.52180888,����ǥ
146,���¿����ϱ�ȹ����,����� ��걸 ���¿���220(�ѳ���) 1��  ,02-792-3560,����Ư���� ��걸 ���¿���220(�ѳ���) 1��,126.9984836,37.53481773,����ǥ
147,������GTŸ������,����� ���ʱ� ���ʴ��73��12 �������1��   ,02-592-0053,����Ư���� ���ʱ� ���ʴ��73��12 �������1��,127.0257323,37.49854482,����ǥ
148,�����ƺ괺������,"��⵵ ������ ���뱸 ���ǵ� 1332 �����ƺ괺���� 1�� A122,123ȣ   ",031-216-9308,"��⵵ ������ ���뱸 ���ǵ� 1332 �����ƺ괺���� 1�� A122,123ȣ",127.0504954,37.29066354,����ǥ
149,���嵿����������,����� ������ �������563(���嵿) ������������ �κ���  ,02-458-8166,����Ư���� ������ �������563(���嵿) ������������ �κ���,127.1029302,37.54413402,����ǥ
150,��õ����,����� ���ı� �ø��ȷ�100 ȿâŸ��1��  ,02-417-8851,����Ư���� ���ı� �ø��ȷ�100 ȿâŸ��1��,127.0816883,37.51141581,����ǥ
151,���׿��ϴ���,���ϵ� ���׽� �ϱ� ��ȣ��265����1 NB-City���սü�1��104ȣ  ,054-241-3372,���ϵ� ���׽� �ϱ� ��ȣ��265����1 NB-City���սü�1��104ȣ,129.3796575,36.06154148,����ǥ
152,�����뿪��,"����� ���Ǳ� ���μ�ȯ��1909 1,2��  ",02-875-3364,"����Ư���� ���Ǳ� ���μ�ȯ��1909 1,2��",126.9616068,37.47811217,����ǥ
153,����LH������,��󳲵� ���ֽ� ���Ƿ� 19 LH���ֻ�� ȫ����1��  ,055-763-3520,��󳲵� ���ֽ� ���Ƿ� 19 LH���ֻ�� ȫ����1��,128.1447582,35.17901848,����ǥ
154,��õ����ž�µ�130gate����,��õ������ �߱� ���׷�272 ��õ��������ž�µ�3�� FB-C5-57  ,032-743-7213 ,��õ������ �߱� ���׷�272 ��õ��������ž�µ�3�� FB-C5-57,126.4491058,37.4575366,����ǥ
155,��õ����ž�µ�105gate����,��õ������ �߱� ���׷�272 ��õ��������ž�µ�3�� FB-C5-68  ,032-743-7223,��õ������ �߱� ���׷�272 ��õ��������ž�µ�3�� FB-C5-68,126.4491058,37.4575366,����ǥ
156,��������ũ����,����� ��걸 �Ѱ����23��55 ���������ũ����� ����6��  ,02-2012-0631,����Ư���� ��걸 �Ѱ����23��55 ���������ũ����� ����6��,126.9647414,37.52977194,����ǥ
157,���ֹ�Ž��Ƽ��,���ϵ� ���ֽ� ��������80(õ����)1��  ,054-777-5982,���ϵ� ���ֽ� ��������80(õ����)1��,129.289869,35.83455728,�α���ǥ
158,����ȣ����,����� ���ı� ����ȣ���� 222 ����Ÿ�� 1��  ,02-415-1235,����Ư���� ���ı� ����ȣ���� 222 ����Ÿ�� 1��,127.1015532,37.50706891,����ǥ
159,���񱳿���Ÿ���,"����� ��õ�� ����� 350 �񵿽��ؾ�Ƽ���� 1��,2��  ",02-2653-8577 ,"����Ư���� ��õ�� ����� 350 �񵿽��ؾ�Ƽ���� 1��,2��",126.8762665,37.52414819,����ǥ
160,�������Ա�����,"����� �߱� ���빮��10�� 6 1,2��   ",02-752-3348,"����Ư���� �߱� ���빮��10�� 6 1,2��",126.9832503,37.56688182,����ǥ
161,��M�ö�����,����� �߱� ��8�� 27(��2��)  ,02-752-0888,����Ư���� �߱� ��8�� 27(��2��),126.9852932,37.56403715,�α���ǥ
162,�۵�Ȩ�÷�����,��õ������ ������ �۵�������� 165(�۵���) Ȩ�÷����۵���1��  ,032-822-5905,��õ������ ������ �۵�������� 165(�۵���) Ȩ�÷����۵���1��,126.656372,37.38022604,����ǥ
163,�ø��Ȱ�����2������,����� ������ �������193 1��  ,02-471-2372,����Ư���� ������ �������193 1��,127.1280151,37.52456388,����ǥ
164,��������̱���,"����� ���ϱ� ���̷�24�� 25 (�Ⱦϵ�5��) 2��,3��  ",02-923-7735,"����Ư���� ���ϱ� ���̷�24�� 25 (�Ⱦϵ�5��) 2��,3��",127.029562,37.585201,
165,�������������,"����Ư���� ���ʱ� �������4(���ʵ�) 2��, 3��  ",02-583-8856,"����Ư���� ���ʱ� �������4(���ʵ�) 2��, 3��",127.0131845,37.48122598,����ǥ
166,�Ｚ���۶�Ÿ������,����� ������ �������85�� 9 (��ġ��) ��������1��  ,02-552-3363,����Ư���� ������ �������85�� 9 (��ġ��) ��������1��,127.0628971,37.50708993,����ǥ
167,���迪�ε�����,��⵵ �Ⱦ�� ���ȱ� ���̴�� 223���� 41(ȣ�赿 1045-9) 2��  ,031-476-9082,��⵵ �Ⱦ�� ���ȱ� ���̴�� 223���� 41(ȣ�赿 1045-9) 2��,126.9535115,37.39048928,����ǥ
168,�����ڿ��Ｚ��86����,����Ư���� ������ �Ｚ��86�� 11 �ź����� 1��  ,02-569-7501,����Ư���� ������ �Ｚ��86�� 11 �ź����� 1��,127.0582935,37.50589545,����ǥ
169,����ѱ������������߿���,����� ������ ���Ϸ�301 KLID�ѱ������������߿� 1��  ,02-376-9162,����Ư���� ������ ���Ϸ�301 KLID�ѱ������������߿� 1��,126.8879378,37.58246887,����ǥ
170,�Ǳ����ĵ���Ƽ��,��⵵ ������ �д籸 �Ǳ�����145(������) �Ǳ����ĵ� C2-3�� 1��  ,031-8017-8556,��⵵ ������ �д籸 �Ǳ�����145(������) �Ǳ����ĵ� C2-3�� 1��,127.1088717,37.39397953,����ǥ
171,��ġ������������,����Ư���� ������ ������� 225 ��������1�� (��ġ��994-5)  ,02-562-9605,����Ư���� ������ ������� 225 ��������1�� (��ġ��994-5),127.0676314,37.49925768,����ǥ
172,�д�������,��⵵ ������ �д籸 �����Ϸ� 227(���ڵ�) �������������������� 1��  ,031-786-1906,��⵵ ������ �д籸 �����Ϸ� 227(���ڵ�) �������������������� 1��,127.1056037,37.37070859,����ǥ
173,�ų�������,����Ư���� ������ �������108 �۶������1��  ,02-569-9061,����Ư���� ������ �������108 �۶������1��,127.0255925,37.50453486,����ǥ
174,�����׷��������ũ��,����� ������ ȭ��6�� 1095���� 1��  ,02-2699-7462,����Ư���� ������ ȭ��6�� 1095���� 1��,126.85122,37.554946,
175,���DDMC��,����� ������ ��ϵ� 1610���� DDMC ���� 1��  ,02-375-0994,����Ư���� ������ ��ϵ� 1610���� DDMC ���� 1��,126.892888,37.57844257,����ǥ
176,���뵿��ȸ����,"����� ���빮�� ��ŵ� 50-5 1��,2��(B��)  ",02-362-8301,"����Ư���� ���빮�� ��ŵ� 50-5 1��,2��(B��)",126.9432239,37.56308247,����ǥ
177,������,"��⵵ �Ⱦ�� ���ȱ� �ùδ��327���� 6, W ���̽�Ÿ�� 1��  ",031-426-9065,"��⵵ �Ⱦ�� ���ȱ� �ùδ��327���� 6, W ���̽�Ÿ�� 1��",126.9669641,37.39664965,����ǥ
178,���ο���,��⵵ ���� �ϻ굿�� �߾ӷ� 1193 ���ι������� 1��  ,031-932-7018,��⵵ ���� �ϻ굿�� �߾ӷ� 1193 ���ι������� 1��,126.7766274,37.65309387,����ǥ
179,��������,"��⵵ ������ �ȴޱ� �Ż�� 11,  2��  ",031-248-9593,"��⵵ ������ �ȴޱ� �Ż�� 11, 2��",127.0027253,37.26744568,����ǥ
180,��õ����,��⵵ ��õ�� ��õ��4 2��  ,032-668-7890,��⵵ ��õ�� ��õ��4 2��,126.7834905,37.48446723,����ǥ
181,�����,"����� ���빮�� ��ȵ� 372-1, 1�� �Ϻ� �� 2�� ��ü  ",02-2249-9826,"����Ư���� ���빮�� ��ȵ� 372-1, 1�� �Ϻ� �� 2�� ��ü",127.0704755,37.57093841,����ǥ
182,���ʿ�1���ⱸ��,����� ���ʱ� ���ʴ�� 250 ��Ÿ������ �긴�� 1�� 101ȣ  ,02-598-7741,����Ư���� ���ʱ� ���ʴ�� 250 ��Ÿ������ �긴�� 1�� 101ȣ,127.0091732,37.49197387,����ǥ
183,������������,��⵵ ������ ���뱸 ����� 214���� 8 1��  ,031-273-8751,��⵵ ������ ���뱸 ����� 214���� 8 1��,127.0575762,37.24623159,����ǥ
184,��ġ��Ÿ���,����� ������ �Ｚ�� 352 â������ 1�� �� 2��  ,02-569-9751,����Ư���� ������ �Ｚ�� 352 â������ 1�� �� 2��,127.0590726,37.50304448,����ǥ
185,���忪��,����� ���ʱ� ����� 1  1��  ,02-2058-0921,����Ư���� ���ʱ� ����� 1 1��,127.0401361,37.46900214,����ǥ
186,��������,����� �������� ������6�� 5���� 1��  ,02-2069-3157,����Ư���� �������� ������6�� 5���� 1��,126.8890182,37.51963552,����ǥ
187,�ؿ����,�λ�� �ؿ�뱸 �ؿ�� �غ���277 �ٿȺ���1��  ,051-746-8214,�λ걤���� �ؿ�뱸 �ؿ�� �غ���277 �ٿȺ���1��,129.1615555,35.15988408,����ǥ
188,���ﵿ�±�Ÿ����,����� ������ ���ﵿ 718-20  �±�Ÿ�� 1��  ,02-569-9867,����Ư���� ������ ���ﵿ 718-20 �±�Ÿ�� 1��,127.0398604,37.50101147,����ǥ
189,������õ��,��� ���ν� ������ �հ�� 95 �۶����� 1��  ,031-896-9044,��⵵ ���ν� ������ �հ�� 95 �۶����� 1��,127.0918085,37.33596412,����ǥ
190,���ֿ���Ȩ�÷�����,��⵵ ���ֽ� û�Ϸ� 17���� 17 1��  ,031-949-1408,��⵵ ���ֽ� û�Ϸ� 17���� 17 1��,126.7367602,37.72956844,����ǥ
191,�����������,����� ���ʱ� �Ź�����47�� 5 �ǹ���ü 1~3��  ,02-541-7404,����Ư���� ���ʱ� �Ź�����47�� 5 �ǹ���ü 1~3��,127.0194447,37.51094805,����ǥ
192,õȣ����,����� ������ �ø��ȷ� 659 �ֿ��÷�Ƽ�Ѹ��� 1��  ,02-488-5912,����Ư���� ������ �ø��ȷ� 659 �ֿ��÷�Ƽ�Ѹ��� 1��,127.1235647,37.54030441,����ǥ
193,��������,��⵵ ���ν� ���ﱸ ������ 3 �������÷��� 1��  ,031-693-6312,��⵵ ���ν� ���ﱸ ������ 3 �������÷��� 1��,127.1261332,37.27105118,����ǥ
194,ȫ�뿪8���ⱸ��,����� ������ ��ȭ��18�ȱ� 7 2��  ,02-338-9463,����Ư���� ������ ��ȭ��18�ȱ� 7 2��,126.9250923,37.55683442,����ǥ
195,�꺻����,��⵵ ������ ������58 1�� 104ȣ �� 2��  ,031-399-8812,��⵵ ������ ������58 1�� 104ȣ �� 2��,126.9309815,37.35850709,����ǥ
196,��õ����,��⵵ ��õ�� ���ַ� 111 ��Ÿ�ö��� 1��  ,032-329-9471,��⵵ ��õ�� ���ַ� 111 ��Ÿ�ö��� 1��,126.7548844,37.50632714,����ǥ
197,�Ⱦ�1������,��⵵ �Ⱦ�� ���ȱ� �Ⱦ��304���� 12 �������� 2��  ,031-468-9096,��⵵ �Ⱦ�� ���ȱ� �Ⱦ��304���� 12 �������� 2��,126.9219296,37.39941375,����ǥ
198,����AK�ö�����,������ ���ֽ� ��ȭ��1 AK�ö��ڿ����� 1��  ,033-748-0631,������ ���ֽ� ��ȭ��1 AK�ö��ڿ����� 1��,127.9276442,37.34567994,����ǥ
199,������ũ�Ϻ��B1��,"����Ư���� ���ı� ���Ĵ�� 111, ���� ��ũ�Ϻ�� �Ϻ���� ����� 203�� ����1��  ",02-449-6797,"����Ư���� ���ı� ���Ĵ�� 111, ���� ��ũ�Ϻ�� �Ϻ���� ����� 203�� ����1��",127.1240049,37.4814909,����ǥ
200,ȭ���߾Ӱ�����,��⵵ ���� ���籸 ȭ�ŷ�260���� 26 ���������� 1�� 103~107ȣ  ,031-979-9402,��⵵ ���� ���籸 ȭ�ŷ�260���� 26 ���������� 1�� 103~107ȣ,126.8329933,37.63174233,����ǥ
201,������12���ⱸ��,����Ư���� ������ ������� 111 2��  ,02-569-5838,����Ư���� ������ ������� 111 2��,127.0292818,37.49888125,����ǥ
202,���ʺζ�ũ������,����Ư���� ���ʱ� ���ʴ�� 397 �ζ�ũ���� 1��  ,02-537-4662,����Ư���� ���ʱ� ���ʴ�� 397 �ζ�ũ���� 1��,127.0245161,37.49743351,����ǥ
203,������ũ�Ϻ����,����Ư���� ���ı� ���Ĵ�� 111 ������ũ�Ϻ�� 205�� 1�� 110-113  ,02-449-6881,����Ư���� ���ı� ���Ĵ�� 111 ������ũ�Ϻ�� 205�� 1�� 110-113,127.1240049,37.4814909,����ǥ
204,��������������Ʈ��,���� ���ı� ������ 643-1���� ��������Ʈ B�� ����1��  ,02-6177-9080,����Ư���� ���ı� ������ 643-1���� ��������Ʈ B�� ����1��,127.1154627,37.48176792,�α���ǥ
205,�������,����Ư���� �߶��� ����� 291 1��  ,02-493-8902,����Ư���� �߶��� ����� 291 1��,127.0847902,37.59644455,����ǥ
206,��������뺴������,����Ư���� ������ ������ 885 �������� 1��  ,02-481-9938,����Ư���� ������ ������ 885 �������� 1��,127.1559766,37.55265378,����ǥ
207,�������,"����� ����� ���ط� 490, ����� 2��  ",02-952-9577,"����Ư���� ����� ���ط� 490, ����� 2��",127.0624133,37.65441339,����ǥ
208,��������,"����� ������ ������ 13, 2��  ",02-338-9178,"����Ư���� ������ ������ 13, 2��",126.9150651,37.54881276,����ǥ
209,��������,����� ���α� ���� 70 2��  ,02-739-6268,����Ư���� ���α� ���� 70 2��,126.9851721,37.56991532,����ǥ
210,���üһ���,"��⵵ ���ý� �򳲷� 862, ���̵���� 1��  ",031-692-2405,"��⵵ ���ý� �򳲷� 862, ���̵���� 1��",127.1115021,37.00046875,����ǥ
211,�����伺����,"����� ���ı� ���̵� 44-2, �������� 1��  ",02-2141-0407,"����Ư���� ���ı� ���̵� 44-2, �������� 1��",127.1127569,37.51692188,����ǥ
212,�������������,"����Ư���� ������ ��� 543-1, �������� B1��  ",02-2058-3027,"����Ư���� ������ ��� 543-1, �������� B1��",127.0416509,37.4922289,����ǥ
213,���ϱ�û����,"����Ư���� ���ϱ� ��õ�� 139�� 25, 1�� �Ϻ� �� 2�� (������ 191-70)  ",02-994-8878,"����Ư���� ���ϱ� ��õ�� 139�� 25, 1�� �Ϻ� �� 2�� (������ 191-70)",127.025725,37.63909543,����ǥ
214,�۵�Ʈ���ý�Ʈ��Ʈ��," ��õ ������ �۵����з� 16���� 33-4 D�� 119ȣ,207ȣ  ",032-310-9644,"��õ������ ������ �۵����з� 16���� 33-4 D�� 119ȣ,207ȣ",126.6628418,37.37866084,����ǥ
215,���ǻＺ��������,����Ư���� ������ ���ǰ����� 106 �Ｚ������ 1��  ,02-2201-8953,����Ư���� ������ ���ǰ����� 106 �Ｚ������ 1��,127.0948977,37.53985802,����ǥ
216,���ǵ�SK���Ǻ�����,����Ư���� �������� ����������8��31 ���ǵ�SK���Ǻ����� 1��  ,02-6484-5150,����Ư���� �������� ����������8��31 ���ǵ�SK���Ǻ����� 1��,126.9280668,37.51974708,����ǥ
217,�����Ƽ���������̺���,����Ư���� ���ı� ��η� 66 �������̺� �������� ��ũ��� 1��  ,02-2673-2110,����Ư���� ���ı� ��η� 66 �������̺� �������� ��ũ��� 1��,127.1249616,37.47761474,����ǥ
218,����Ǫ��������,"����Ư���� ������ �����ŷ� 3�� 14, Ǫ������ 2�� 1��  ",02-338-7684,"����Ư���� ������ �����ŷ� 3�� 14, Ǫ������ 2�� 1��",126.9123434,37.55103566,����ǥ
219,�ų�����2���ⱸ��,����� ���ʱ� ������� 475 2��  ,02-541-9650,����Ư���� ���ʱ� ������� 475 2��,127.0238596,37.50472619,����ǥ
220,����2��������ũ��,����� ���ı� ���ʱ���� 230 ����2�� ������ũ B�� 1��  ,02-449-9703,����Ư���� ���ı� ���ʱ���� 230 ����2�� ������ũ B�� 1��,127.1434018,37.4794295,����ǥ
221,��ȭ��1���ⱸ��,����Ư���� ���α� ���з� 128 2��  ,02-766-7937,����Ư���� ���α� ���з� 128 2��,127.0021627,37.58271412,����ǥ
222,�Ѽ����Ա�����,����Ư���� ���ϱ� �Ｑ���� 12 1��  ,02-766-7951,����Ư���� ���ϱ� �Ｑ���� 12 1��,127.0071408,37.58758875,����ǥ
223,��Ƽ����ũ������,����Ư���� ������ ����� 408 ��ũ���� 1��  ,02-2052-6590,����Ư���� ������ ����� 408 ��ũ���� 1��,127.0552329,37.49662142,����ǥ
224,����201-5������,"����Ư���� ������  �������112�� 20 1��, 2��  ",02-541-9563,"����Ư���� ������ �������112�� 20 1��, 2��",127.0260503,37.505508,����ǥ
225,�λ��������,�λ걤���� ������ ������ 667 1��  ,051-759-9046,�λ걤���� ������ ������ 667 1��,129.114479,35.16535447,����ǥ
226,�λ�������,"�λ걤���� ���屺 ������ 563 1��,2��  ",051-728-7435,"�λ걤���� ���屺 ������ 563 1��,2��",129.1756339,35.32191455,����ǥ
227,��������DT��,��⵵ ������ ��ȱ� ������ 989  ,031-248-6086,��⵵ ������ ��ȱ� ������ 989,127.0029261,37.30507849,����ǥ
228,��������Ÿ���,����Ư���� ������ ��ȭ�� 196(������)  ,02-336-9198 ,����Ư���� ������ ��ȭ�� 196(������),126.9265156,37.55837471,����ǥ
229,����������,��⵵ ������ ������ ������ 190 (���ﵿ)  ,031-759-6675,��⵵ ������ ������ ������ 190 (���ﵿ),127.140979,37.44342819,����ǥ
230,���ϵ��� ,"����� ���� ����� 121(���ϵ�), �޵��ú���  ",02-389-6283,"����Ư���� ���� ����� 121(���ϵ�), �޵��ú���",126.9210942,37.60044546,����ǥ
231,�������̸�Ʈ��,"��⵵ ������ �Ǽ��� ���η� 291(���), �̸�Ʈ �������� 1��  ",031-278-6593,"��⵵ ������ �Ǽ��� ���η� 291(���), �̸�Ʈ �������� 1��",126.9698248,37.28339166,����ǥ
232,��õ�ⱳ����,����Ư���� ������ ������ 457(���)  ,02-3665-9506,����Ư���� ������ ������ 457(���),126.840422,37.56624343,����ǥ
233,���հ��� �ڿ�����ķ�۽���,"��� ������ ��ȱ� ���η� 2066, ���հ��� �ڿ����� ķ�۽� N���� 1��  ",031-278-7640,"��⵵ ������ ��ȱ� ���η� 2066, ���հ��� �ڿ����� ķ�۽� N���� 1��",126.9723733,37.29221412,����ǥ
234,���Ŀ�������� ,����Ư���� ������ ����� 55 ��Ŀ������ 1��  ,02-6905-3030,����Ư���� ������ ����� 55 ��Ŀ������ 1��,126.833037,37.56006724,����ǥ
235,���̿�4���ⱸ��,���� ���ı� ���̵� 206-11  ,02-420-0386,����Ư���� ���ı� ���̵� 206-11,127.1257654,37.50934495,����ǥ
236,IFC MALL 3ȣ��,����� �������� ����������10 IFC Mall L2(2��)  ,02-6137-5056,����Ư���� �������� ����������10 IFC Mall L2(2��),126.9248763,37.52517692,����ǥ
237,��ź�ɵ�DT��,"��⵵ ȭ���� �ɵ� 453-4,453-8,454-1 ���� �ǹ�(1~3��)  ",031-267-4182,"��⵵ ȭ���� �ɵ� 453-4,453-8,454-1 ���� �ǹ�(1~3��)",127.0563334,37.21097887,����ǥ
238,�����ΰ�DT��,��⵵ ������ �ȴޱ� �ΰ��79 (�ΰ赿)  ,031-898-8818,��⵵ ������ �ȴޱ� �ΰ��79 (�ΰ赿),127.0264808,37.26887264,����ǥ
239,��õ���� ��2�����͹̳� �Ա���,��õ������ �߱� ��� 2868 ��õ���� ��2�͹̳� 1�� ����(23-124)  ,032-743-2894,��õ������ �߱� ��� 2868 ��õ���� ��2�͹̳� 1�� ����(23-124),126.4336306,37.46858933,����ǥ
240,�λ꼭�鼭������,"�λ걤���� �λ����� ������ 12, 1��  ",051-819-8708,"�λ걤���� �λ����� ������ 12, 1��",129.0608719,35.1575235,����ǥ
241,�д���������������,��⵵ ������ �д籸 ��ž��64 DSŸ�� 1��  ,031-8017-8243,��⵵ ������ �д籸 ��ž��64 DSŸ�� 1��,127.1259787,37.4095025,����ǥ
242,�ſ�꿪���̾���,����� ��걸 �Ѱ����95  ,02-2074-1049,����Ư���� ��걸 �Ѱ����95,126.9672866,37.52945211,����ǥ
243,������3���ⱸ���������,����Ư���� ������ ������ 433 ������� 1��  ,02-2051-9328,����Ư���� ������ ������ 433 ������� 1��,127.0489161,37.50377679,����ǥ
